"name","value","taxonomy","code1","code2"
"ING. EN DISENO","73","pisa_profesion",NULL,NULL
"MEDICO RADIOLOGO","299","pisa_profesion",NULL,NULL
"MEDICO REHABILITADOR","300","pisa_profesion",NULL,NULL
"(0) SIN PROFESION","1","pisa_profesion",NULL,NULL
"ABOGADO","2","pisa_profesion",NULL,NULL
"ACTUARIO","3","pisa_profesion",NULL,NULL
"ANALISTA DE SISTEMAS","4","pisa_profesion",NULL,NULL
"ASISTENTE EDUCATIVO","5","pisa_profesion",NULL,NULL
"ASISTENTE EJECUTIVO","6","pisa_profesion",NULL,NULL
"ASISTENTE MEDICO","7","pisa_profesion",NULL,NULL
"AUXILIAR ADMINISTRATIVO","8","pisa_profesion",NULL,NULL
"AUXILIAR CONTABLE","9","pisa_profesion",NULL,NULL
"AUXILIAR DE EDUCADORA","10","pisa_profesion",NULL,NULL
"AUXILIAR DE ELECTRONICA","11","pisa_profesion",NULL,NULL
"CARPINTERO","12","pisa_profesion",NULL,NULL
"COMERCIO","13","pisa_profesion",NULL,NULL
"CONTROLADOR DE TRAFICO AEREO","14","pisa_profesion",NULL,NULL
"COREOGRAFO","15","pisa_profesion",NULL,NULL
"CORTE Y CONFECCION","16","pisa_profesion",NULL,NULL
"COSMETOLOGIA","17","pisa_profesion",NULL,NULL
"DECORADOR","18","pisa_profesion",NULL,NULL
"DECORADOR DE INTERIORES","19","pisa_profesion",NULL,NULL
"DENTISTA","20","pisa_profesion",NULL,NULL
"DIBUJO TECNICO","21","pisa_profesion",NULL,NULL
"DISENO INDUSTRIAL DE PATRONES","22","pisa_profesion",NULL,NULL
"ELECTRICISTA","23","pisa_profesion",NULL,NULL
"ELECTROMECANICO","24","pisa_profesion",NULL,NULL
"EMBALSAMADOR DE CADAVERES","25","pisa_profesion",NULL,NULL
"EMPLEADO","26","pisa_profesion",NULL,NULL
"ENFERMERIA","27","pisa_profesion",NULL,NULL
"ENSENANZA SUPERIOR","28","pisa_profesion",NULL,NULL
"ESTETICISTA","29","pisa_profesion",NULL,NULL
"ESTILISTA","30","pisa_profesion",NULL,NULL
"FISICO MATEMATICO","31","pisa_profesion",NULL,NULL
"GESTOR","32","pisa_profesion",NULL,NULL
"HISTOPATOLOGO","33","pisa_profesion",NULL,NULL
"HISTOTECNOLOGO","34","pisa_profesion",NULL,NULL
"ING. AGROINDUSTRIAL","35","pisa_profesion",NULL,NULL
"ING. AGRONOMO","36","pisa_profesion",NULL,NULL
"ING. AGRONOMO FITOTECNISTA","37","pisa_profesion",NULL,NULL
"ING. AGRONOMO ZOOTECNISTA","38","pisa_profesion",NULL,NULL
"ING. AGROPECUARIO ZOOTECNISTA","39","pisa_profesion",NULL,NULL
"ING. AMBIENTAL","40","pisa_profesion",NULL,NULL
"ING. ARQUITECTO","41","pisa_profesion",NULL,NULL
"ING. ASEGURADOR","42","pisa_profesion",NULL,NULL
"ING. ASEGURADOR DE CALIDAD","43","pisa_profesion",NULL,NULL
"ING. AUTOMOTRIZ","44","pisa_profesion",NULL,NULL
"ING. BIOLOGO","45","pisa_profesion",NULL,NULL
"ING. BIOQUIMICO","46","pisa_profesion",NULL,NULL
"ING. BIOQUIMICO DE ALIMENTOS","47","pisa_profesion",NULL,NULL
"ING. CIVIL","48","pisa_profesion",NULL,NULL
"ING. CONSULTOR","49","pisa_profesion",NULL,NULL
"ING. CONTRATISTA","50","pisa_profesion",NULL,NULL
"ING. DE CALIDAD","51","pisa_profesion",NULL,NULL
"ING. DE COMPRAS","52","pisa_profesion",NULL,NULL
"ING. DE MINAS","53","pisa_profesion",NULL,NULL
"ING. EN ADMINISTRACION","54","pisa_profesion",NULL,NULL
"ING. EN AERONAUTICA","55","pisa_profesion",NULL,NULL
"ING. EN ALIMENTOS","56","pisa_profesion",NULL,NULL
"ING. EN APLICACION","57","pisa_profesion",NULL,NULL
"ING. EN ARTES","58","pisa_profesion",NULL,NULL
"ING. EN AUDIO","59","pisa_profesion",NULL,NULL
"ING. EN AUTOMATIZACION","60","pisa_profesion",NULL,NULL
"ING. EN CALIBRACION","61","pisa_profesion",NULL,NULL
"ING. EN COMBUSTION INTERNA","62","pisa_profesion",NULL,NULL
"ING. EN COMPUTACION","63","pisa_profesion",NULL,NULL
"ING. EN COMUNICACIONES","64","pisa_profesion",NULL,NULL
"ING. EN CONSTRUCCION","65","pisa_profesion",NULL,NULL
"ING. EN CONTROL DE CALIDAD","66","pisa_profesion",NULL,NULL
"ING. EN CONTROL DE INSTRUMENTO","67","pisa_profesion",NULL,NULL
"ING. EN CONTROL DE PROCESOS","68","pisa_profesion",NULL,NULL
"ING. EN CONTROL DE PRODUCCION","69","pisa_profesion",NULL,NULL
"ING. EN COSTOS","70","pisa_profesion",NULL,NULL
"ING. EN DESARROLLO RURAL","71","pisa_profesion",NULL,NULL
"ING. EN DESARROLLO SOCIAL","72","pisa_profesion",NULL,NULL
"ING. EN DISENO MECANICO","74","pisa_profesion",NULL,NULL
"ING. EN DISENO TEXTIL","75","pisa_profesion",NULL,NULL
"ING. EN ECOLOGIA","76","pisa_profesion",NULL,NULL
"ING. EN ELECTRICIDAD","77","pisa_profesion",NULL,NULL
"ING. EN ELECTRICIDAD INDUSTRIAL","78","pisa_profesion",NULL,NULL
"ING. EN ELECTROMECANICA","79","pisa_profesion",NULL,NULL
"ING. EN ELECTRONICA","80","pisa_profesion",NULL,NULL
"ING. EN EVALUACION","81","pisa_profesion",NULL,NULL
"ING. EN GEOFISICA","82","pisa_profesion",NULL,NULL
"ING. EN GEOLOGIA","83","pisa_profesion",NULL,NULL
"ING. EN GEOQUIMICA","84","pisa_profesion",NULL,NULL
"ING. EN HIDROLOGIA","85","pisa_profesion",NULL,NULL
"ING. EN INFORMATICA","86","pisa_profesion",NULL,NULL
"ING. EN INFORMATICA DE RED","87","pisa_profesion",NULL,NULL
"ING. EN INSTRUMENTACION","88","pisa_profesion",NULL,NULL
"ING. EN INVESTIGACION","89","pisa_profesion",NULL,NULL
"ING. EN LOGISTICA","90","pisa_profesion",NULL,NULL
"ING. EN MANTENIMIENTO","91","pisa_profesion",NULL,NULL
"ING. EN MANTENIMIENTO ELECTRICO","92","pisa_profesion",NULL,NULL
"ING. EN MANUFACTURA","93","pisa_profesion",NULL,NULL
"ING. EN MAQUINAS","94","pisa_profesion",NULL,NULL
"ING. EN MATERIALES","95","pisa_profesion",NULL,NULL
"ING. EN MERCADOTECNIA","96","pisa_profesion",NULL,NULL
"ING. EN METODOS","97","pisa_profesion",NULL,NULL
"ING. EN MOLDEO","98","pisa_profesion",NULL,NULL
"ING. EN NEOMATIZACION","99","pisa_profesion",NULL,NULL
"ING. EN PLANEACION","100","pisa_profesion",NULL,NULL
"ING. EN PROCESOS","101","pisa_profesion",NULL,NULL
"ING. EN PROCESOS DE PRODUCCION","102","pisa_profesion",NULL,NULL
"ING. EN PRODUCCION","103","pisa_profesion",NULL,NULL
"ING. EN PROTECCION AMBIENTAL","104","pisa_profesion",NULL,NULL
"ING. EN PROYECTOS","105","pisa_profesion",NULL,NULL
"ING. EN REFRIGERACION","106","pisa_profesion",NULL,NULL
"ING. EN ROBOTICA","107","pisa_profesion",NULL,NULL
"ING. EN SERVICIOS","108","pisa_profesion",NULL,NULL
"ING. EN SISTEMAS","109","pisa_profesion",NULL,NULL
"ING. EN SISTEMAS DE AIRE","110","pisa_profesion",NULL,NULL
"ING. EN SISTEMAS DE INFORMACION","111","pisa_profesion",NULL,NULL
"ING. EN SISTEMAS ELECTRICOS","112","pisa_profesion",NULL,NULL
"ING. EN SOLDADURA","113","pisa_profesion",NULL,NULL
"ING. EN TECNOLOGIA DE LA MADERA","114","pisa_profesion",NULL,NULL
"ING. EN TELECOMUNICACIONES","115","pisa_profesion",NULL,NULL
"ING. EN TRANSMISIONES","116","pisa_profesion",NULL,NULL
"ING. EVALUADOR","117","pisa_profesion",NULL,NULL
"ING. FISICO","118","pisa_profesion",NULL,NULL
"ING. FORESTAL","119","pisa_profesion",NULL,NULL
"ING. HERRAMENTAL","120","pisa_profesion",NULL,NULL
"ING. INDUSTRIAL","121","pisa_profesion",NULL,NULL
"ING. INDUSTRIAL ELECTRICO","122","pisa_profesion",NULL,NULL
"ING. INDUSTRIAL EN PRODUCCION","123","pisa_profesion",NULL,NULL
"ING. INDUSTRIAL EN QUIMICA","124","pisa_profesion",NULL,NULL
"ING. INDUSTRIAL MECANICO","125","pisa_profesion",NULL,NULL
"ING. INDUSTRIAL MECANICO DISEÃ‘O","126","pisa_profesion",NULL,NULL
"ING. INDUSTRIAL QUIMICO","127","pisa_profesion",NULL,NULL
"ING. INDUSTRIAL Y DE SISTEMAS","128","pisa_profesion",NULL,NULL
"ING. INSTRUMENTISTA","129","pisa_profesion",NULL,NULL
"ING. MECANICO","130","pisa_profesion",NULL,NULL
"ING. MECANICO AGRICOLA","131","pisa_profesion",NULL,NULL
"ING. MECANICO AUTOMOTRIZ","132","pisa_profesion",NULL,NULL
"ING. MECANICO ELECTRICO","133","pisa_profesion",NULL,NULL
"ING. MECANICO INDUSTRIAL","134","pisa_profesion",NULL,NULL
"ING. MECANICO NAVAL","135","pisa_profesion",NULL,NULL
"ING. METALURGICO","136","pisa_profesion",NULL,NULL
"ING. METROLOGO","137","pisa_profesion",NULL,NULL
"ING. NAVAL","138","pisa_profesion",NULL,NULL
"ING. PESQUERO","139","pisa_profesion",NULL,NULL
"ING. PETROLERO","140","pisa_profesion",NULL,NULL
"ING. PROGRAMADOR","141","pisa_profesion",NULL,NULL
"ING. QUIMICO","142","pisa_profesion",NULL,NULL
"ING. QUIMICO INDUSTRIAL","143","pisa_profesion",NULL,NULL
"ING. TEXTIL","144","pisa_profesion",NULL,NULL
"INGENIERIA","145","pisa_profesion",NULL,NULL
"LIC. AGROPECUARIO","146","pisa_profesion",NULL,NULL
"LIC. EN ADMINISTRACION","147","pisa_profesion",NULL,NULL
"LIC. EN ADMINISTRACION AGROPECUARIO","148","pisa_profesion",NULL,NULL
"LIC. EN ADMINISTRACION DE EMPRESAS","149","pisa_profesion",NULL,NULL
"LIC. EN ADMINISTRACION FINANCIERA","150","pisa_profesion",NULL,NULL
"LIC. EN ADMINISTRACION INDUSTRIAL","151","pisa_profesion",NULL,NULL
"LIC. EN ADMINISTRACION TURISTICA","152","pisa_profesion",NULL,NULL
"LIC. EN AGRONOMIA","153","pisa_profesion",NULL,NULL
"LIC. EN ANALISIS QUIMICO","154","pisa_profesion",NULL,NULL
"LIC. EN ANTROPOLOGIA","155","pisa_profesion",NULL,NULL
"LIC. EN ANTROPOLOGIA SOCIAL","156","pisa_profesion",NULL,NULL
"LIC. EN ARQUEOLOGIA","157","pisa_profesion",NULL,NULL
"LIC. EN ARTES VISUALES","158","pisa_profesion",NULL,NULL
"LIC. EN AUDICION Y LENGUAJE","159","pisa_profesion",NULL,NULL
"LIC. EN BIBLIOTECONOMIA","160","pisa_profesion",NULL,NULL
"LIC. EN BIOLOGIA","161","pisa_profesion",NULL,NULL
"LIC. EN BIOTECNOLOGIA AMBIENTAL","162","pisa_profesion",NULL,NULL
"LIC. EN CIENCIAS ADUANALES","163","pisa_profesion",NULL,NULL
"LIC. EN CIENCIAS BIOLOGICAS","164","pisa_profesion",NULL,NULL
"LIC. EN CIENCIAS DE LA COMUNICACIÃ“N","165","pisa_profesion",NULL,NULL
"LIC. EN CIENCIAS DE LA EDUCACION","166","pisa_profesion",NULL,NULL
"LIC. EN CIENCIAS SOCIALES","167","pisa_profesion",NULL,NULL
"LIC. EN COMERCIO","168","pisa_profesion",NULL,NULL
"LIC. EN COMERCIO EXTERIOR","169","pisa_profesion",NULL,NULL
"LIC. EN COMERCIO INDUSTRIAL","170","pisa_profesion",NULL,NULL
"LIC. EN COMERCIO INTERNACIONAL","171","pisa_profesion",NULL,NULL
"LIC. EN COMERCIO INTERNO","172","pisa_profesion",NULL,NULL
"LIC. EN COMPUTACION","173","pisa_profesion",NULL,NULL
"LIC. EN COMUNICACION","174","pisa_profesion",NULL,NULL
"LIC. EN CONTADURIA","175","pisa_profesion",NULL,NULL
"LIC. EN CONTADURIA PRIVADA","176","pisa_profesion",NULL,NULL
"LIC. EN CONTADURIA PUBLICA","177","pisa_profesion",NULL,NULL
"LIC. EN CONTADURIA TECNICA","178","pisa_profesion",NULL,NULL
"LIC. EN CRIMINOLOGIA","179","pisa_profesion",NULL,NULL
"LIC. EN DERECHO","180","pisa_profesion",NULL,NULL
"LIC. EN DISENO DE INTERIORES","181","pisa_profesion",NULL,NULL
"LIC. EN DISENO DE MODAS","182","pisa_profesion",NULL,NULL
"LIC. EN DISENO GRAFICO","183","pisa_profesion",NULL,NULL
"LIC. EN DISENO INDUSTRIAL","184","pisa_profesion",NULL,NULL
"LIC. EN DISENO TEXTIL","185","pisa_profesion",NULL,NULL
"LIC. EN DOCENCIA TECNOLOGICA","186","pisa_profesion",NULL,NULL
"LIC. EN ECOLOGIA","187","pisa_profesion",NULL,NULL
"LIC. EN ECONOMIA","188","pisa_profesion",NULL,NULL
"LIC. EN EDIFICACION DE OBRA","189","pisa_profesion",NULL,NULL
"LIC. EN EDUCACION","190","pisa_profesion",NULL,NULL
"LIC. EN EDUCACION ARTISTICA","191","pisa_profesion",NULL,NULL
"LIC. EN EDUCACION ESPECIAL","192","pisa_profesion",NULL,NULL
"LIC. EN EDUCACION FISICA","193","pisa_profesion",NULL,NULL
"LIC. EN EDUCACION MUSICAL","194","pisa_profesion",NULL,NULL
"LIC. EN EDUCACION PREESCOLAR","195","pisa_profesion",NULL,NULL
"LIC. EN EDUCACION PRIMARIA","196","pisa_profesion",NULL,NULL
"LIC. EN EDUCACION SECUNDARIA","197","pisa_profesion",NULL,NULL
"LIC. EN ENFERMERIA","198","pisa_profesion",NULL,NULL
"LIC. EN ESPANOL","199","pisa_profesion",NULL,NULL
"LIC. EN ESTOMATOLOGIA","200","pisa_profesion",NULL,NULL
"LIC. EN FILOSOFIA Y LETRAS","201","pisa_profesion",NULL,NULL
"LIC. EN FINANZAS","202","pisa_profesion",NULL,NULL
"LIC. EN FISICA","203","pisa_profesion",NULL,NULL
"LIC. EN FISICO MATEMATICO","204","pisa_profesion",NULL,NULL
"LIC. EN GASTRONOMIA","205","pisa_profesion",NULL,NULL
"LIC. EN GEOGRAFIA","206","pisa_profesion",NULL,NULL
"LIC. EN GEOLOGIA","207","pisa_profesion",NULL,NULL
"LIC. EN GRAFOSCOPIA","208","pisa_profesion",NULL,NULL
"LIC. EN HISTORIA","209","pisa_profesion",NULL,NULL
"LIC. EN HOTELERIA","210","pisa_profesion",NULL,NULL
"LIC. EN IDIOMAS","211","pisa_profesion",NULL,NULL
"LIC. EN INFORMACION","212","pisa_profesion",NULL,NULL
"LIC. EN INFORMATICA","213","pisa_profesion",NULL,NULL
"LIC. EN INGLES","214","pisa_profesion",NULL,NULL
"LIC. EN JURIDICO","215","pisa_profesion",NULL,NULL
"LIC. EN LENGUA Y LITERATURA","216","pisa_profesion",NULL,NULL
"LIC. EN LENGUAS EXTRANJERAS","217","pisa_profesion",NULL,NULL
"LIC. EN LENGUAS MODERNAS","218","pisa_profesion",NULL,NULL
"LIC. EN LETRAS HISPANICAS","219","pisa_profesion",NULL,NULL
"LIC. EN LETRAS LATINOAMERICANA","220","pisa_profesion",NULL,NULL
"LIC. EN MANTENIMIENTO INDUSTRIAL","221","pisa_profesion",NULL,NULL
"LIC. EN MATEMATICAS","222","pisa_profesion",NULL,NULL
"LIC. EN MEDIOS MASIVOS DE COMUNICACIÃ“N","223","pisa_profesion",NULL,NULL
"LIC. EN MERCADOCTENIA","224","pisa_profesion",NULL,NULL
"LIC. EN MUSICA","225","pisa_profesion",NULL,NULL
"LIC. EN NEGOCIOS INTERNACIONALES","226","pisa_profesion",NULL,NULL
"LIC. EN NUTRICION","227","pisa_profesion",NULL,NULL
"LIC. EN OPERACIONES AERONAUTICAS","228","pisa_profesion",NULL,NULL
"LIC. EN OPTOMETRIA","229","pisa_profesion",NULL,NULL
"LIC. EN PEDAGOGIA","230","pisa_profesion",NULL,NULL
"LIC. EN PERIODISMO","231","pisa_profesion",NULL,NULL
"LIC. EN PLANEACION","232","pisa_profesion",NULL,NULL
"LIC. EN PODOLOGIA","233","pisa_profesion",NULL,NULL
"LIC. EN PROBLEMAS DE APRENDIZAJE","234","pisa_profesion",NULL,NULL
"LIC. EN PRODUCCION ESCENICA","235","pisa_profesion",NULL,NULL
"LIC. EN PSICOLOGIA","236","pisa_profesion",NULL,NULL
"LIC. EN PSICOLOGIA CLINICA","237","pisa_profesion",NULL,NULL
"LIC. EN PSICOLOGIA EDUCATIVA","238","pisa_profesion",NULL,NULL
"LIC. EN PSICOPEDAGOGIA","239","pisa_profesion",NULL,NULL
"LIC. EN PUBLICIDAD","240","pisa_profesion",NULL,NULL
"LIC. EN QUIMICA","241","pisa_profesion",NULL,NULL
"LIC. EN RECURSOS HUMANOS","242","pisa_profesion",NULL,NULL
"LIC. EN RELACIONES COMERCIALES","243","pisa_profesion",NULL,NULL
"LIC. EN RELACIONES HUMANAS","244","pisa_profesion",NULL,NULL
"LIC. EN RELACIONES INDUSTRIALES","245","pisa_profesion",NULL,NULL
"LIC. EN RELACIONES INTERNACIONALES","246","pisa_profesion",NULL,NULL
"LIC. EN RELACIONES PUBLICAS","247","pisa_profesion",NULL,NULL
"LIC. EN RESTAURACION DE BIENES","248","pisa_profesion",NULL,NULL
"LIC. EN SALUD PUBLICA","249","pisa_profesion",NULL,NULL
"LIC. EN SISTEMAS COMPUTACIONALES","250","pisa_profesion",NULL,NULL
"LIC. EN SOCIOLOGIA","251","pisa_profesion",NULL,NULL
"LIC. EN TECNOLOGIA","252","pisa_profesion",NULL,NULL
"LIC. EN TECNOLOGIA AMBIENTAL","253","pisa_profesion",NULL,NULL
"LIC. EN TRABAJO SOCIAL","254","pisa_profesion",NULL,NULL
"LIC. EN TURISMO","255","pisa_profesion",NULL,NULL
"LIC. EN URBANISMO","256","pisa_profesion",NULL,NULL
"LICENCIATURA","257","pisa_profesion",NULL,NULL
"LOCUTOR","258","pisa_profesion",NULL,NULL
"MAESTRIA EN EDUCACION","259","pisa_profesion",NULL,NULL
"MAESTRIA EN FINANZAS Y NEGOCIO","260","pisa_profesion",NULL,NULL
"MAESTRO DE CULTURA DE BELLEZA","261","pisa_profesion",NULL,NULL
"MANEJO FORESTAL","262","pisa_profesion",NULL,NULL
"MEDICO","263","pisa_profesion",NULL,NULL
"MEDICO ACUPUNTURISTA","264","pisa_profesion",NULL,NULL
"MEDICO ANATOMAPATOLOGO","265","pisa_profesion",NULL,NULL
"MEDICO ANESTESIOLOGO","266","pisa_profesion",NULL,NULL
"MEDICO ANGIOLOGO","267","pisa_profesion",NULL,NULL
"MEDICO CIRUJANO","268","pisa_profesion",NULL,NULL
"MEDICO CIRUJANO DENTISTA","269","pisa_profesion",NULL,NULL
"MEDICO CIRUJANO OFTALMOLOGO","270","pisa_profesion",NULL,NULL
"MEDICO CIRUJANO PARTERO","271","pisa_profesion",NULL,NULL
"MEDICO COSMEATRA","272","pisa_profesion",NULL,NULL
"MEDICO DENTISTA","273","pisa_profesion",NULL,NULL
"MEDICO DERMATOLOGO","274","pisa_profesion",NULL,NULL
"MEDICO DIETISTA","275","pisa_profesion",NULL,NULL
"MEDICO FORENSE","276","pisa_profesion",NULL,NULL
"MEDICO GENERAL","277","pisa_profesion",NULL,NULL
"MEDICO GINECOBSTETRA","278","pisa_profesion",NULL,NULL
"MEDICO GINECOLOGO","279","pisa_profesion",NULL,NULL
"MEDICO GINECOOBSTETRA","280","pisa_profesion",NULL,NULL
"MEDICO HEMATOLOGO","281","pisa_profesion",NULL,NULL
"MEDICO HOMEOPATA","282","pisa_profesion",NULL,NULL
"MEDICO LEGISTA","283","pisa_profesion",NULL,NULL
"MEDICO NATURISTA","284","pisa_profesion",NULL,NULL
"MEDICO NEUMOLOGO","285","pisa_profesion",NULL,NULL
"MEDICO NEUROCIRUJANO","286","pisa_profesion",NULL,NULL
"MEDICO NEUROLOGO","287","pisa_profesion",NULL,NULL
"MEDICO ODONTOLOGO","288","pisa_profesion",NULL,NULL
"MEDICO OFTALMOLOGO","289","pisa_profesion",NULL,NULL
"MEDICO OPTOMETRISTA","290","pisa_profesion",NULL,NULL
"MEDICO ORTODONCISTA","291","pisa_profesion",NULL,NULL
"MEDICO ORTOPEDISTA","292","pisa_profesion",NULL,NULL
"MEDICO OTORRINOLARINGOLOGO","293","pisa_profesion",NULL,NULL
"MEDICO PATOLOGO","294","pisa_profesion",NULL,NULL
"MEDICO PEDIATRA","295","pisa_profesion",NULL,NULL
"MEDICO PSICOLOGO","296","pisa_profesion",NULL,NULL
"MEDICO PSICOTERAPEUTA","297","pisa_profesion",NULL,NULL
"MEDICO PSIQUIATRA","298","pisa_profesion",NULL,NULL
"MEDICO TERAPEUTA","301","pisa_profesion",NULL,NULL
"MEDICO TRAUMATOLOGO","302","pisa_profesion",NULL,NULL
"MEDICO VETERINARIO / ZOOTECNISTA","303","pisa_profesion",NULL,NULL
"METALURGIA","304","pisa_profesion",NULL,NULL
"NOTARIO PUBLICO","305","pisa_profesion",NULL,NULL
"OFICIAL DE OPERACIONES AEREAS","306","pisa_profesion",NULL,NULL
"PARAMEDICO","307","pisa_profesion",NULL,NULL
"PILOTO AVIADOR","308","pisa_profesion",NULL,NULL
"PLANIFICACION AGROPECUARIA","309","pisa_profesion",NULL,NULL
"PRODUCTOR","310","pisa_profesion",NULL,NULL
"PROFESIONAL INDEPENDIENTE","311","pisa_profesion",NULL,NULL
"PROFESOR","312","pisa_profesion",NULL,NULL
"PROFESOR DE MUSICA","313","pisa_profesion",NULL,NULL
"PROFESOR EN ELECTRONICA","314","pisa_profesion",NULL,NULL
"PROTESISTA","315","pisa_profesion",NULL,NULL
"PROTESISTA DENTAL","316","pisa_profesion",NULL,NULL
"QUIMICO AGRICOLA","317","pisa_profesion",NULL,NULL
"QUIMICO ANALISTA","318","pisa_profesion",NULL,NULL
"QUIMICO BACTERIOLOGO","319","pisa_profesion",NULL,NULL
"QUIMICO BIOLOGO","320","pisa_profesion",NULL,NULL
"QUIMICO CLINICO","321","pisa_profesion",NULL,NULL
"QUIMICO DE PROCESOS","322","pisa_profesion",NULL,NULL
"QUIMICO EN ALIMENTOS","323","pisa_profesion",NULL,NULL
"QUIMICO FARMACEUTICO","324","pisa_profesion",NULL,NULL
"QUIMICO FARMACOBIOLOGO","325","pisa_profesion",NULL,NULL
"QUIMICO FORENSE","326","pisa_profesion",NULL,NULL
"QUIMICO INDUSTRIAL","327","pisa_profesion",NULL,NULL
"QUIMICO LABORATORISTA","328","pisa_profesion",NULL,NULL
"QUIMICO METALURGICO","329","pisa_profesion",NULL,NULL
"REPORTERO","330","pisa_profesion",NULL,NULL
"SECRETARIADO","331","pisa_profesion",NULL,NULL
"TECNICO","332","pisa_profesion",NULL,NULL
"TECNICO AEROLOGISTA","333","pisa_profesion",NULL,NULL
"TECNICO AFINADOR","334","pisa_profesion",NULL,NULL
"TECNICO AGRICOLA","335","pisa_profesion",NULL,NULL
"TECNICO AGRONOMO","336","pisa_profesion",NULL,NULL
"TECNICO AGROPECUARIO","337","pisa_profesion",NULL,NULL
"TECNICO ANALISTA","338","pisa_profesion",NULL,NULL
"TECNICO ASESOR","339","pisa_profesion",NULL,NULL
"TECNICO ASISTENTE EDUCATIVO","340","pisa_profesion",NULL,NULL
"TECNICO AUTOMOTRIZ","341","pisa_profesion",NULL,NULL
"TECNICO AUXILIAR","342","pisa_profesion",NULL,NULL
"TECNICO BIBLIOTECARIO","343","pisa_profesion",NULL,NULL
"TECNICO CAPTURISTA","344","pisa_profesion",NULL,NULL
"TECNICO CARTOGRAFO","345","pisa_profesion",NULL,NULL
"TECNICO DE PRENSA","346","pisa_profesion",NULL,NULL
"TECNICO DE PROCESOS","347","pisa_profesion",NULL,NULL
"TECNICO DENTAL","348","pisa_profesion",NULL,NULL
"TECNICO DEPORTIVO","349","pisa_profesion",NULL,NULL
"TECNICO EJECUTIVO","350","pisa_profesion",NULL,NULL
"TECNICO ELECTROCARDIOLOGO","351","pisa_profesion",NULL,NULL
"TECNICO ELECTROMECANICO","352","pisa_profesion",NULL,NULL
"TECNICO EMBOBINADOR","353","pisa_profesion",NULL,NULL
"TECNICO EN ADMINISTRACION","354","pisa_profesion",NULL,NULL
"TECNICO EN AIRE ACONDICIONADO","355","pisa_profesion",NULL,NULL
"TECNICO EN AJUSTE","356","pisa_profesion",NULL,NULL
"TECNICO EN ALARMAS","357","pisa_profesion",NULL,NULL
"TECNICO EN ALIMENTOS","358","pisa_profesion",NULL,NULL
"TECNICO EN ALMACEN","359","pisa_profesion",NULL,NULL
"TECNICO EN ARQUITECTURA","360","pisa_profesion",NULL,NULL
"TECNICO EN ARTES","361","pisa_profesion",NULL,NULL
"TECNICO EN ARTES GRAFICAS","362","pisa_profesion",NULL,NULL
"TECNICO EN ARTES PLASTICAS","363","pisa_profesion",NULL,NULL
"TECNICO EN ASEGURAMIENTO DE CALIDAD","364","pisa_profesion",NULL,NULL
"TECNICO EN AUDIO","365","pisa_profesion",NULL,NULL
"TECNICO EN AUTOMATIZACION","366","pisa_profesion",NULL,NULL
"TECNICO EN AUXILIO","367","pisa_profesion",NULL,NULL
"TECNICO EN AVIACION","368","pisa_profesion",NULL,NULL
"TECNICO EN BOBINAS","369","pisa_profesion",NULL,NULL
"TECNICO EN CALDERAS","370","pisa_profesion",NULL,NULL
"TECNICO EN CALIBRACION","371","pisa_profesion",NULL,NULL
"TECNICO EN CALIDAD","372","pisa_profesion",NULL,NULL
"TECNICO EN CARTOGRAFIA","373","pisa_profesion",NULL,NULL
"TECNICO EN CLIMAS","374","pisa_profesion",NULL,NULL
"TECNICO EN COMERCIALIZACION","375","pisa_profesion",NULL,NULL
"TECNICO EN COMPUTACION","376","pisa_profesion",NULL,NULL
"TECNICO EN COMPUTO Y ADMINISTRACION","377","pisa_profesion",NULL,NULL
"TECNICO EN COMUNICACION","378","pisa_profesion",NULL,NULL
"TECNICO EN CONSTRUCCION","379","pisa_profesion",NULL,NULL
"TECNICO EN CONTABILIDAD","380","pisa_profesion",NULL,NULL
"TECNICO EN CONTABILIDAD INDUSTRIAL","381","pisa_profesion",NULL,NULL
"TECNICO EN CONTROL","382","pisa_profesion",NULL,NULL
"TECNICO EN CONTROL CONTABLE","383","pisa_profesion",NULL,NULL
"TECNICO EN CONTROL DE CALIDAD","384","pisa_profesion",NULL,NULL
"TECNICO EN COPIADORAS","385","pisa_profesion",NULL,NULL
"TECNICO EN COSTOS","386","pisa_profesion",NULL,NULL
"TECNICO EN DECORACION","387","pisa_profesion",NULL,NULL
"TECNICO EN DESARROLLO","388","pisa_profesion",NULL,NULL
"TECNICO EN DIESEL","389","pisa_profesion",NULL,NULL
"TECNICO EN DISEÃ‘O DE MODAS","390","pisa_profesion",NULL,NULL
"TECNICO EN DISEÃ‘O GRAFICO","391","pisa_profesion",NULL,NULL
"TECNICO EN DOCENCIA","392","pisa_profesion",NULL,NULL
"TECNICO EN EDICIONES","393","pisa_profesion",NULL,NULL
"TECNICO EN EDUCACION","394","pisa_profesion",NULL,NULL
"TECNICO EN ELECTRICIDAD","395","pisa_profesion",NULL,NULL
"TECNICO EN ELECTRICIDAD INDUSTRIAL","396","pisa_profesion",NULL,NULL
"TECNICO EN ELECTRODOMESTICOS","397","pisa_profesion",NULL,NULL
"TECNICO EN ELECTROENCEFALOGRAMA","398","pisa_profesion",NULL,NULL
"TECNICO EN ELECTROEROSION","399","pisa_profesion",NULL,NULL
"TECNICO EN ELECTRONICA","400","pisa_profesion",NULL,NULL
"TECNICO EN EMERGENCIAS MEDICAS","401","pisa_profesion",NULL,NULL
"TECNICO EN EMPAQUES","402","pisa_profesion",NULL,NULL
"TECNICO EN ENCUADERNACION","403","pisa_profesion",NULL,NULL
"TECNICO EN ENFERMERIA","404","pisa_profesion",NULL,NULL
"TECNICO EN EQUIPO MEDICO","405","pisa_profesion",NULL,NULL
"TECNICO EN ESTADISTICA","406","pisa_profesion",NULL,NULL
"TECNICO EN EVALUACION","407","pisa_profesion",NULL,NULL
"TECNICO EN FABRICACION","408","pisa_profesion",NULL,NULL
"TECNICO EN FERMENTACION","409","pisa_profesion",NULL,NULL
"TECNICO EN FINANZAS","410","pisa_profesion",NULL,NULL
"TECNICO EN FORMACION","411","pisa_profesion",NULL,NULL
"TECNICO EN FOTOGRAFIA","412","pisa_profesion",NULL,NULL
"TECNICO EN FOTOGRAMETRIA","413","pisa_profesion",NULL,NULL
"TECNICO EN FRUTICULTURA","414","pisa_profesion",NULL,NULL
"TECNICO EN FUNDICION","415","pisa_profesion",NULL,NULL
"TECNICO EN GAS","416","pisa_profesion",NULL,NULL
"TECNICO EN GASTRONOMIA","417","pisa_profesion",NULL,NULL
"TECNICO EN HERRAMIENTAS","418","pisa_profesion",NULL,NULL
"TECNICO EN HIDRAULICA","419","pisa_profesion",NULL,NULL
"TECNICO EN HOTELERIA","420","pisa_profesion",NULL,NULL
"TECNICO EN ILUMINACION","421","pisa_profesion",NULL,NULL
"TECNICO EN INFORMACION","422","pisa_profesion",NULL,NULL
"TECNICO EN INFORMATICA","423","pisa_profesion",NULL,NULL
"TECNICO EN INSTALACIONES","424","pisa_profesion",NULL,NULL
"TECNICO EN INSTRUMENTACION","425","pisa_profesion",NULL,NULL
"TECNICO EN INVESTIGACION","426","pisa_profesion",NULL,NULL
"TECNICO EN LINEA","427","pisa_profesion",NULL,NULL
"TECNICO EN LINEA BLANCA","428","pisa_profesion",NULL,NULL
"TECNICO EN LITOGRAFIA","429","pisa_profesion",NULL,NULL
"TECNICO EN MANTENIMIENTO","430","pisa_profesion",NULL,NULL
"TECNICO EN MANUFACTURAS","431","pisa_profesion",NULL,NULL
"TECNICO EN MAQUINARIA AGRICOLA","432","pisa_profesion",NULL,NULL
"TECNICO EN MAQUINAS","433","pisa_profesion",NULL,NULL
"TECNICO EN MAQUINAS DE OFICINA","434","pisa_profesion",NULL,NULL
"TECNICO EN MATERIALES","435","pisa_profesion",NULL,NULL
"TECNICO EN MECANICA AUTOMOTRIZ","436","pisa_profesion",NULL,NULL
"TECNICO EN MECANICA INDUSTRIAL","437","pisa_profesion",NULL,NULL
"TECNICO EN MEDICINA","438","pisa_profesion",NULL,NULL
"TECNICO EN MEDICION","439","pisa_profesion",NULL,NULL
"TECNICO EN METALURGIA","440","pisa_profesion",NULL,NULL
"TECNICO EN METODOS","441","pisa_profesion",NULL,NULL
"TECNICO EN METROLOGIA","442","pisa_profesion",NULL,NULL
"TECNICO EN MOLDEO","443","pisa_profesion",NULL,NULL
"TECNICO EN MONTACARGAS","444","pisa_profesion",NULL,NULL
"TECNICO EN MONTAJE","445","pisa_profesion",NULL,NULL
"TECNICO EN NUTRICION","446","pisa_profesion",NULL,NULL
"TECNICO EN OBRAS","447","pisa_profesion",NULL,NULL
"TECNICO EN OFIMATICA","448","pisa_profesion",NULL,NULL
"TECNICO EN OPERACION","449","pisa_profesion",NULL,NULL
"TECNICO EN OPERACION DE MAQUINA","450","pisa_profesion",NULL,NULL
"TECNICO EN ORIENTACION","451","pisa_profesion",NULL,NULL
"TECNICO EN OXIGENO","452","pisa_profesion",NULL,NULL
"TECNICO EN PATOLOGIA","453","pisa_profesion",NULL,NULL
"TECNICO EN PEDAGOGIA","454","pisa_profesion",NULL,NULL
"TECNICO EN PERIODISMO","455","pisa_profesion",NULL,NULL
"TECNICO EN PLASTICOS","456","pisa_profesion",NULL,NULL
"TECNICO EN PLOMERIA","457","pisa_profesion",NULL,NULL
"TECNICO EN POLICIOLOGIA","458","pisa_profesion",NULL,NULL
"TECNICO EN POLICULTURA","459","pisa_profesion",NULL,NULL
"TECNICO EN PRENSA","460","pisa_profesion",NULL,NULL
"TECNICO EN PROCESOS","461","pisa_profesion",NULL,NULL
"TECNICO EN PROCESOS DE PRODUCCION","462","pisa_profesion",NULL,NULL
"TECNICO EN PROCESOS ELECTRICOS","463","pisa_profesion",NULL,NULL
"TECNICO EN PRODUCCION","464","pisa_profesion",NULL,NULL
"TECNICO EN PRODUCCION DE HERRAMIENTAS","465","pisa_profesion",NULL,NULL
"TECNICO EN PRODUCTIVIDAD","466","pisa_profesion",NULL,NULL
"TECNICO EN PROGRAMACION","467","pisa_profesion",NULL,NULL
"TECNICO EN PROTESIS DENTAL","468","pisa_profesion",NULL,NULL
"TECNICO EN PROYECTOS","469","pisa_profesion",NULL,NULL
"TECNICO EN PUERICULTURA","470","pisa_profesion",NULL,NULL
"TECNICO EN RADIO / T.V.","471","pisa_profesion",NULL,NULL
"TECNICO EN RADIOCOMUNICACIONES","472","pisa_profesion",NULL,NULL
"TECNICO EN RADIOLOGIA","473","pisa_profesion",NULL,NULL
"TECNICO EN REDES","474","pisa_profesion",NULL,NULL
"TECNICO EN RELOJERIA","475","pisa_profesion",NULL,NULL
"TECNICO EN REPARACIONES","476","pisa_profesion",NULL,NULL
"TECNICO EN SALUD","477","pisa_profesion",NULL,NULL
"TECNICO EN SEGURIDAD E HIGIENE","478","pisa_profesion",NULL,NULL
"TECNICO EN SEGURIDAD INDUSTRIAL","479","pisa_profesion",NULL,NULL
"TECNICO EN SENALES","480","pisa_profesion",NULL,NULL
"TECNICO EN SERVICIOS","481","pisa_profesion",NULL,NULL
"TECNICO EN SERVICIOS ESPECIALES","482","pisa_profesion",NULL,NULL
"TECNICO EN SISTEMAS AEREOS","483","pisa_profesion",NULL,NULL
"TECNICO EN SISTEMAS COMPUTACION","484","pisa_profesion",NULL,NULL
"TECNICO EN SISTEMAS DE CALIDAD","485","pisa_profesion",NULL,NULL
"TECNICO EN SOLDADURA","486","pisa_profesion",NULL,NULL
"TECNICO EN SONIDO","487","pisa_profesion",NULL,NULL
"TECNICO EN SOPORTE","488","pisa_profesion",NULL,NULL
"TECNICO EN TALLERES","489","pisa_profesion",NULL,NULL
"TECNICO EN TELECOMUNICACIONES","490","pisa_profesion",NULL,NULL
"TECNICO EN TELEFONIA","491","pisa_profesion",NULL,NULL
"TECNICO EN TINTAS","492","pisa_profesion",NULL,NULL
"TECNICO EN TOPOGRAFIA","493","pisa_profesion",NULL,NULL
"TECNICO EN TRABAJO SOCIAL","494","pisa_profesion",NULL,NULL
"TECNICO EN TRATAMIENTOS","495","pisa_profesion",NULL,NULL
"TECNICO EN TURISMO","496","pisa_profesion",NULL,NULL
"TECNICO EN URGENCIAS","497","pisa_profesion",NULL,NULL
"TECNICO EN VENTAS","498","pisa_profesion",NULL,NULL
"TECNICO EN VERIFICACION","499","pisa_profesion",NULL,NULL
"TECNICO EN VERIFICACION SANITARIA","500","pisa_profesion",NULL,NULL
"TECNICO EN VIA","501","pisa_profesion",NULL,NULL
"TECNICO EN VIVIENDA","502","pisa_profesion",NULL,NULL
"TECNICO FARMACEUTICO","503","pisa_profesion",NULL,NULL
"TECNICO FISCAL","504","pisa_profesion",NULL,NULL
"TECNICO FORESTAL","505","pisa_profesion",NULL,NULL
"TECNICO FUNDIDOR","506","pisa_profesion",NULL,NULL
"TECNICO GRAFICO","507","pisa_profesion",NULL,NULL
"TECNICO HIDRAULICO","508","pisa_profesion",NULL,NULL
"TECNICO INDUSTRIAL","509","pisa_profesion",NULL,NULL
"TECNICO LABORATORISTA","510","pisa_profesion",NULL,NULL
"TECNICO LABORATORISTA CLINICO","511","pisa_profesion",NULL,NULL
"TECNICO LABORATORISTA QUIMICO","512","pisa_profesion",NULL,NULL
"TECNICO MECANICO DE AVIACION","513","pisa_profesion",NULL,NULL
"TECNICO MINERO","514","pisa_profesion",NULL,NULL
"TECNICO OPERADOR DE AMBULANCIA","515","pisa_profesion",NULL,NULL
"TECNICO OPERADOR DE PLANTA","516","pisa_profesion",NULL,NULL
"TECNICO OPTOMETRISTA","517","pisa_profesion",NULL,NULL
"TECNICO PECUARIO","518","pisa_profesion",NULL,NULL
"TECNICO POLIVALENTE","519","pisa_profesion",NULL,NULL
"TECNICO PORTICULTOR","520","pisa_profesion",NULL,NULL
"TECNICO PRACTICO","521","pisa_profesion",NULL,NULL
"TECNICO PROBADOR","522","pisa_profesion",NULL,NULL
"TECNICO PROMOTOR","523","pisa_profesion",NULL,NULL
"TECNICO QUIMICO","524","pisa_profesion",NULL,NULL
"TECNICO QUIMICO INDUSTRIAL","525","pisa_profesion",NULL,NULL
"TECNICO QUIROPEDISTA","526","pisa_profesion",NULL,NULL
"TECNICO REACTORISTA","527","pisa_profesion",NULL,NULL
"TECNICO REGULADOR DE COMUNICACION","528","pisa_profesion",NULL,NULL
"TECNICO SUPERVISOR","529","pisa_profesion",NULL,NULL
"TECNICO TORNERO","530","pisa_profesion",NULL,NULL
"TECNICO VETERINARIO","531","pisa_profesion",NULL,NULL
"TERAPEUTA FISICO","532","pisa_profesion",NULL,NULL
"TRADUCTOR","533","pisa_profesion",NULL,NULL
"TRANSPORTISTA","534","pisa_profesion",NULL,NULL
